rank,candidate_id,name,area_ha,connectivity_gain,gain_pct,new_links,cost,cost_unit,gain_per_cost,ranking_basis,components_before,components_after
1,C001,,4671.260000055542,0.006713222872033747,75.7944395410997,3,,,,raw_gain,4,4
2,C002,,705.959999999503,0.0027974582573394285,31.58420103076798,3,,,,raw_gain,4,3
3,C003,,602.0899999995975,0.0003568499172935582,4.028950028491927,3,,,,raw_gain,4,4
4,C004,,484.7999999997041,0.00027153691964806013,3.0657389202999012,3,,,,raw_gain,4,4
5,C005,,324.76999999984963,0.0001514574234847653,1.7100028922306676,3,,,,raw_gain,4,4
6,C006,,267.67999999990155,0.00011727121004330779,1.3240295769960568,3,,,,raw_gain,4,4
7,C009,,187.989999999974,7.997550671696302e-05,0.902949123569213,3,,,,raw_gain,4,4
8,C008,,210.5399999999535,7.12255114160669e-05,0.8041588699964511,2,,,,raw_gain,4,4
9,C007,,252.02999999991576,2.167139738669041e-05,0.2446770277565716,3,,,,raw_gain,4,4
10,C010,,158.80000000000055,1.0295572156888283e-05,0.1162403120321097,3,,,,raw_gain,4,4
11,C011,,152.55000000000624,8.494319148861368e-06,0.09590358780627445,3,,,,raw_gain,4,4
12,C012,,142.72000000001518,7.62998664980731e-06,0.08614499665091871,3,,,,raw_gain,4,4
